0.84,0.05,0
0.04,0.09,0
1.99,0.99,0
0.17,0,0
0.5,0,0
0.31,0.21,0
0,0,0
1.66,2.03,0
0.13,0.48,0
0.14,0.03,0
1.04,1.19,0
1.26,0.22,0
0.84,0.05,0
0.04,0.09,0
1.99,0.99,0
0.17,0,0
0.5,0,0
0.31,0.21,0
0.71,0.84,0
1.09,0.56,0
1.08,0.08,0
0.58,0.33,0
0.51,0.35,0
0.16,0.09,0
1.23,0.04,0
0.36,2.5,0
1.11,1.3,0
0.08,0,0
0.68,0.15,0
0.19,0.22,0
0.67,0,0
0.11,0.04,0
0.06,0.35,0
0.85,1.21,0
0.79,0.88,0
0.3,0.79,0
0.09,1.24,0
0.08,0.52,0
1.64,0.02,0
0.28,0.09,0
0.24,0.23,0
1.4,1.4,0
0.04,0.5,0
0.15,0.07,0
0.78,0.48,0
0.36,0,0
0.17,0.05,0
1.09,0.22,0
0.15,0.29,0
0.08,0.15,0
1.26,0.3,0
0.34,0.07,0
0.16,0.65,0
0.05,2.13,0
1.03,0.74,0
0.93,1.41,0
0.31,0.47,0
0.7,0.39,0
0.23,0.31,0
1.08,0.83,0
0.22,0.42,0
0.21,0.24,0
1.18,0.05,0
1.11,0.26,0
0.65,0,0
0.14,0.34,0
0.15,0,0
0.88,0.02,0
0.07,0.58,0
0.09,0,0
0.63,1.29,0
0.61,0.65,0
0.97,0.07,0
1.05,1.32,0
0.09,0.05,0
0.97,0.04,0
0.05,1.2,0
0.52,1.84,0
1.07,0.57,0
0.24,1.14,0
0.15,0.21,0
0.1,1.21,0
0.24,0.43,0
0.32,0.23,0
0.96,0.19,0
0.34,0.82,0
0.3,0.21,0
0.19,1.15,0
1.02,0.87,0
0.81,0.54,0
1.96,1.32,0
0.07,0.64,0
0.44,0.7,0
0.33,0.13,0
0.15,0.17,0
0.1,0.05,0
1.07,0,0
1.55,3,0
0.23,0.25,0
0.28,1.13,0
0.61,0.35,0
0.3,1.18,0
0.93,0.08,0
0.36,0.35,0
0.06,1.06,0
1.15,1.03,0
0.22,0.21,0
1.16,0.13,0
0.04,0.22,0
0.09,2.14,0
1.74,0.78,0
0.15,0.94,0
0.16,0.55,0
0.07,0.35,0
0.35,1.49,0
0.4,0.23,0
0.93,1.04,0
0.11,0.56,0
0.25,0.22,0
0.15,0.58,0
0.19,0.24,0
0.43,0.53,0
0.3,0.17,0
0.64,0.52,0
0.22,0.29,0
1.64,0.22,0
0.81,0.69,0
0.14,0.36,0
0.14,2.18,0
0.28,0.57,0
0.97,1.24,0
0.23,1.63,0
1.51,0.05,0
0.04,0.04,0
0.49,1.42,0
1.24,1.17,0
0.33,0.25,0
0.27,0.55,0
0.29,0,0
0.77,0.65,0
0.4,1.25,0
0.57,0.04,0
0.22,0.47,0
0.19,0.89,0
0.11,0.22,0
0.5,0,0
0.18,0.16,0
0.33,0,0
0.43,0.83,0
0.3,2.09,0
0.19,0.19,0
0.13,0.51,0
0.87,0.16,0
0.1,0.32,0
0.2,0,0
1.91,1.14,0
0.76,0.26,0
0.74,0.34,0
0.52,0.86,0
0.61,0,0
0.1,1.52,0
0.07,0.4,0
0.04,0.7,0
0.53,0.24,0
1.01,0.05,0
0.33,0.24,0
0.1,0.13,0
0.25,0.75,0
0.18,0.03,0
0.06,0.17,0
0.1,0.58,0
0.18,0.27,0
0.42,0.66,0
0.64,1.09,0
0.26,0.33,0
0.38,0.03,0
0.51,0.07,0
0.88,1.16,0
0.22,0.63,0
0.2,0.35,0
0.07,0.39,0
0.79,1.41,0
0.36,0.22,0
0.09,0.23,0
1.59,0.38,0
0.81,0.54,0
0.17,1.15,0
0.41,0.37,0
0.37,0.08,0
0.64,1.28,0
0.16,0.16,0
0.21,0.85,0
0.2,1.01,0
0.07,0.68,0
0.31,0,0
0.12,1.34,0
0.61,1.22,0
0.08,0.01,0
0.25,0.68,0
0.54,1.43,0
1.06,0.39,0
0.14,0.02,0
0.26,0.06,0
0.09,1.34,0
0.09,0.78,0
0.99,0,0
0.36,0.23,0
0.31,0.64,0
0.09,0.17,0
1.09,0.96,0
0.63,0.44,0
0.08,0.03,0
1.55,0.2,0
0.24,0.27,0
0.53,0.1,0
0.19,0.11,0
0.68,0.99,0
0.2,0.1,0
0.51,0.58,0
0.43,1.86,0
0.31,0.37,0
0.07,0.41,0
0.96,0.55,0
0.1,0,0
0.42,2.02,0
0.24,1.4,0
1.2,0.25,0
0.67,0.2,0
0.08,0.52,0
1.69,0.54,0
0.05,0.45,0
0.08,0.13,0
0.05,0.9,0
0.12,0,0
0.74,0.94,0
0.88,0.61,0
0.14,1.63,0
1.06,2.18,0
0.22,0.64,0
0.33,1.17,0
0.08,0.3,0
0.09,0.78,0
0.19,0.22,0
0.58,0.13,0
0.25,0.41,0
0.71,0.04,0
1.1,0.85,0
0.52,0.6,0
0.65,0.5,0
0.11,0.17,0
0.39,0.93,0
0.23,0,0
0.83,1.18,0
0.59,1.16,0
0.62,0.15,0
0.07,0.98,0
0.47,0.5,0
0.51,0.43,0
0.17,0.76,0
0.41,0.12,0
0.57,0.59,0
0.25,0.75,0
0.73,1,0
0.16,0.02,0
0.17,0.04,0
0.47,0.32,0
0.09,1.02,0
1.32,1.82,0
1.11,0.48,0
0.08,0.42,0
0.5,0.85,0
0.24,0,0
0.45,0,0
0.5,0.25,0
0.14,0,0
1.89,0.15,0
0.55,0.95,0
0.18,0.23,0
0.83,0,0
0.08,0.74,0
0.1,1.07,0
1.03,1.81,0
0.45,0.42,0
1.73,0,0
0.82,0.91,0
0.17,1.03,0
0.38,0.4,0
0.48,0.04,0
0.26,0.47,0
0.92,0.54,0
0.05,0.3,0
0.2,1.77,0
0.23,1.07,0
0.74,0.45,0
0.17,0.15,0
0.23,0.93,0
0.22,0.1,0
0.42,0.06,0
0.07,0.1,0
0.47,0.5,0
0.68,0.47,0
0.11,0.72,0
1.03,0.61,0
0.69,1.27,0
1.52,0.23,0
0.55,0.86,0
0.93,0.78,0
1.01,0.65,0
1.03,1.02,0
0.71,0.98,0
0.37,0.43,0
0.22,0.18,0
0.19,0.06,0
0.75,0.49,0
0.15,0.45,0
0.18,0.37,0
0.33,0.64,0
0.46,0.26,0
0.29,1.38,0
0.71,0.1,0
0.21,0,0
0.92,1.89,0
0.47,0.2,0
0.1,0.26,0
0.08,0.89,0
0.19,0.7,0
1.86,0.7,0
0.19,0.4,0
0.82,0.12,0
0.23,0.23,0
0.29,0.18,0
0.12,0.27,0
0.33,0.81,0
1.13,0.46,0
0.77,0.91,0
0.25,0.23,0
0.53,0.38,0
0.29,1.09,0
0.16,0.29,0
0.19,0,0
0.26,1.79,0
1.93,1.46,0
0.52,0.04,0
0.1,0.27,0
0.05,0.07,0
0.05,0.65,0
1.26,0.84,0
0.31,0.02,0
0.37,0.23,0
0.05,0.07,0
0.05,0.75,0
0.17,0.06,0
0.11,0.37,0
0.19,0.23,0
0.52,0.3,0
0.32,0.37,0
0.44,0.28,0
0.41,0.2,0
0.15,0.23,0
0.93,0.21,0
0.17,0.54,0
0.17,1.32,0
0.15,0.1,0
0.45,0.72,0
0.18,0.87,0
0.24,0.11,0
0.19,1.06,0
0.19,0.38,0
0.73,0.11,0
0.33,0.44,0
0.12,0.06,0
0.83,1.66,0
0.46,0.35,0
0.15,0.54,0
0.22,0.13,0
0.1,0.45,0
0.31,0.33,0
0.79,0.13,0
0.93,1.03,0
0.57,0.55,0
0.13,0.15,0
0.84,0.08,0
0.15,0.29,0
0.14,0.17,0
0.63,0.37,0
0.61,1.15,0
0.11,0.09,0
0.31,1.78,0
0.06,0.02,0
1.25,0.95,0
0.05,0.25,0
0.62,0.87,0
0.57,0,0
0.09,0.39,0
0.86,1.41,0
0.09,0.7,0
0.06,0.67,0
0.34,1.96,0
0.65,0.36,0
0.16,0.17,0
0.07,0.52,0
0.77,0,0
0.07,0.95,0
0.16,0,0
0.1,0.15,0
0.65,0.41,0
0.64,0.93,0
0.13,0.01,0
0.06,0.31,0
0.05,1.01,0
0.06,0.36,0
0.06,0.95,0
0.21,0.17,0
0.1,0.19,0
0.13,1.02,0
0.5,0.44,0
0.48,0.72,0
0.8,0.39,0
0.65,0.39,0
0.31,0.01,0
0.27,0.62,0
1.85,0.37,0
0.55,0.14,0
0.14,0.11,0
0.06,0.51,0
0.92,1.03,0
0.34,0.34,0
0.1,0.36,0
0.07,0.91,0
0.32,0.11,0
0.63,1.78,0
0.05,0.17,0
0.12,0.16,0
0.17,0.02,0
0.32,0.98,0
0.6,1.07,0
0.07,0.6,0
0.25,0.67,0
0.96,0.11,0
0.43,0.55,0
1.17,0.03,0
0.62,0.21,0
0.67,0.37,0
0.13,0.35,0
0.29,0.19,0
0.2,0.29,0
0.31,0.12,0
0.4,0.59,0
0.17,0.46,0
0.21,0.06,0
0.09,0.11,0
0.08,0.23,0
0.29,0.05,0
0.1,0.07,0
0.33,0.39,0
1.45,0.69,0
0.43,0.42,0
0.53,0.06,0
0.51,0.04,0
0.26,0.09,0
0.16,0,0
0.2,0.95,0
1.76,1.03,0
3,0.61,0
0.24,1.25,0
1.24,0.69,0
0.43,0.41,0
0.19,0,0
1.07,0.61,0
0.27,0.29,0
1.68,0.58,0
0.08,0.02,0
0.68,0.03,0
1.02,0.95,0
1.76,1.03,0
1.76,0.61,0
0.24,1.25,0
1.24,0.69,0
0.43,0.41,0
0.19,0,0
1.07,0.61,0
0.27,0.29,0
1.68,0.58,0
0.08,0.02,0
0.68,0.03,0
1.02,0.95,0
1.76,1.03,0
0.4,1.73,0
0.43,0.44,0
0.33,0.44,0
0.53,0.34,0
0.36,0.32,0
0.59,0.4,0
0.95,0.45,0
0.8,0.09,0
0.05,0.83,0
0.12,0.11,0
1,0.15,0
0.21,0.37,0
0.43,2.22,0
0.07,1.41,0
0.93,0.41,0
0.94,1.29,0
0.45,0.26,0
0.19,0.02,0
1.72,0.11,0
0.15,1.3,0
0.09,1.05,0
0.5,0.28,0
0.33,0.34,0
0.43,0.24,0
0.27,0.1,0
0.58,1.72,0
0.62,0.33,0
0.18,0.74,0
0.21,0,0
0.18,0.61,0
0.39,1.85,0
1.27,0.44,0
0.71,0.34,0
0.97,0.09,0
1.14,1.42,0
0.73,0.05,0
0.1,0.32,0
0.42,0.09,0
0.96,0.76,0
0.49,0.98,0
0.12,0.67,0
0.29,0.28,0
0.4,0.26,0
0.79,0.82,0
1.48,0.17,0
0.58,0,0
0.23,0.21,0
0.22,0.13,0
0.24,0.32,0
2.22,2.83,0
0.4,0.22,0
0.79,2.01,0
0.16,1.29,0
1.48,1.9,0
1.68,3.01,0
0.11,1.28,0
0.73,1.15,0
0.22,1.33,0
0.23,1.94,0
0.47,1,0
2.33,0.95,0
1.19,1.35,0
0.23,0.75,0
0.07,0.26,0
0.64,0.04,0
0.16,1.3,0
0.24,0.1,0
0.61,1.18,0
0.71,0.25,0
0.7,0.21,0
1.71,1.73,0
0.49,1.1,0
0.22,1.39,0
0.43,0.33,0
0.29,1.78,0
0.42,0.06,0
0.43,1.35,0
0.44,0,0
0.39,1.01,0
0.27,0,0
0.3,0.05,0
0.17,0,0
0.15,0.21,0
0.49,0.29,0
0.39,0.49,0
1.76,0.13,0
0.48,0.25,0
0.14,0.3,0
2.22,0.12,0
0.05,0.79,0
0.38,0.39,0
0.48,0.67,0
0.35,0,0
1,0.51,0
0.58,1.5,0
0.1,1.1,0
0.39,0.01,0
0.93,2.48,0
0.49,0.99,0
0.14,0.84,0
0.68,0.12,0
0.34,0.17,0
0.05,1.2,0
0.15,0.67,0
0.08,1.88,0
0.11,0.23,0
1.76,0,0
0.18,0.69,0
0.49,1.26,0
0.08,0.4,0
0.21,0.43,0
1.09,2.06,0
0.71,1.07,0
0.24,0.62,0
0.68,0.47,0
0.73,0.28,0
0.49,0.05,0
1.59,0.25,0
0.63,0.18,0
0.44,0.99,0
0.19,0,0
1.96,0.58,0
0.27,1.81,0
0.74,0.93,0
0.08,0.03,0
0.25,0.11,0
0.15,0.04,0
0.87,0,0
0.26,0.61,0
0.85,0.08,0
0.07,0.27,0
0.14,1.44,0
0.71,0,0
0.43,1.58,0
0.47,0.94,0
0.91,1.52,0
0.43,1.2,0
0.79,0.83,0
0.18,0.26,0
0.25,0.23,0
0.14,0.72,0
1.03,0.74,0
0.64,0.03,0
0.17,0.78,0
0.09,0.21,0
0.23,0.25,0
0.15,0.82,0
0.19,0.03,0
1.19,0.49,0
0.46,0.55,0
0.12,0.65,0
0.15,0.94,0
0.11,0.82,0
0.06,0.64,0
0.3,1.13,0
0.66,0.21,0
1,1.42,0
0.11,0.53,0
0.45,0.42,0
0.15,0.04,0
0.1,0.09,0
0.35,0.03,0
0.28,1.2,0
0.11,0.6,0
0.18,1.69,0
0.7,0.64,0
0.63,1.06,0
0.68,0.3,0
0.13,1.23,0
1.04,0.21,0
0.06,1.63,0
1.12,1.07,0
0.33,0.51,0
1.43,0.73,0
0.07,0.39,0
0.8,0.55,0
0.05,0.51,0
0.29,0.01,0
0.59,0.77,0
0.24,0.52,0
1.06,0.43,0
0.54,1.6,0
0.83,0.55,0
0.2,0,0
0.54,0.35,0
0.2,0.97,0
0.15,0.76,0
1.48,2.5,0
0.67,0.03,0
0.46,0.29,0
0.07,0,0
0.14,0,0
0.29,1.74,0
0.57,0.01,0
0.56,0.95,0
0.35,0.28,0
0.17,0.19,0
0.38,0.32,0
1.68,4.12,0
0.14,1,0
0.49,1.14,0
0.19,1.01,0
1.83,1.02,0
0.62,0,0
0.15,1.18,0
1.15,1.54,0
2.21,0.35,0
0.76,0.07,0
0.17,0.14,0
0.7,0.38,0
0.08,1.07,0
0.13,1.14,0
0.19,1.55,0
0.22,1.68,0
0.17,0.04,0
1.86,0,0
0.4,0.2,0
0.65,0.38,0
0.33,1.85,0
0.35,0.12,0
0.49,0.2,0
0.25,0.02,0
0.38,1.35,0
0.19,0.01,0
0.81,1.43,0
0.89,0,0
0.28,0.07,0
0.5,1.16,0
0.73,0.35,0
3.46,1.45,0
0.27,0.49,0
0.42,0.14,0
0.25,1.54,0
0.33,0.34,0
0.26,0.48,0
0.4,0.11,0
0.33,0.34,0
0.16,1.78,0
0.85,0.03,0
0.34,0.83,0
0.08,0.06,0
1.23,0.5,0
0.42,2.37,0
1.06,0.14,0
0.19,0.13,0
0.07,0.26,0
0.22,0.16,0
0.4,0.94,0
1.13,0.2,0
0.54,0.39,0
0.41,0.51,0
0.1,1.04,0
0.46,0.98,0
0.28,0.63,0
0.66,0.22,0
0.16,2.09,0
0.25,0.8,0
0.11,0.23,0
0.71,0.59,0
0.07,0,0
0.25,1.86,0
2.56,0.85,0
0.17,0.39,0
0.21,0.3,0
0.2,0,0
0.74,0.24,0
0.23,0.39,0
0.49,1.09,0
0.1,0.2,0
0.87,0.2,0
0.67,0.43,0
0.13,1.48,0
0.96,1.48,0
0.64,0.66,0
1.04,0.02,0
0.07,0.61,0
0.19,0.1,0
0.52,0.62,0
0.44,0.3,0
1.27,2.09,0
0.71,0.22,0
0.37,0.14,0
0.13,0.48,0
0.5,0.65,0
0.66,0.1,0
0.53,0.37,0
0.93,0.16,0
0.34,1.2,0
0.41,0.71,0
0.33,1.03,0
0.61,0.14,0
0.63,0.07,0
0.24,0.6,0
0.1,0.41,0
0.37,0.63,0
0.48,0.22,0
0.99,0.23,0
0.11,0.38,0
0.21,2.78,0
0.46,0.81,0
0.12,0.93,0
0.4,0.95,0
0.12,0,0
0.3,0.09,0
0.17,0.14,0
0.25,1.27,0
1.06,0.63,0
0.18,0.73,0
0.16,0.14,0
0.23,1.19,0
0.32,0.76,0
0.64,0.05,0
0.47,0.77,0
0.75,0.56,0
0.42,0.29,0
0.19,0.17,0
0.07,0.15,0
1.15,0.01,0
0.19,0.69,0
0.23,0.32,0
0.29,0.05,0
0.12,0.84,0
0.14,0.02,0
0.43,1.66,0
0.1,0.4,0
0.53,0.08,0
1.42,0.32,0
0.1,1.44,0
0.19,0.07,0
0.83,0.79,0
1.58,0.66,0
0.2,1.21,0
0.66,0.19,0
0.14,0.44,0
0.71,0.35,0
0.78,0.63,0
0.49,0.21,0
0.2,0,0
0.54,0.59,0
0.3,0.27,0
0.34,0.96,0
0.19,0.1,0
0.17,0,0
0.31,0.81,0
0.14,2.69,0
0.25,0.04,0
0.62,0,0
0.05,0.71,0
0.36,0.31,0
0.18,0.16,0
0.31,0.27,0
0.41,0.65,0
0.07,0.11,0
0.1,0.63,0
0.1,1.55,0
0.85,1.69,0
0.06,0.65,0
0.17,0.04,0
0.58,0.33,0
0.11,0.08,0
0.19,0.94,0
0.77,1.45,0
0.5,0.34,0
0.84,0.97,0
0.1,0.15,0
0.19,0.68,0
1.24,0.13,0
0.08,0.87,0
0.29,0.29,0
0.1,0.27,0
0.14,0.53,0
0.7,0.7,0
0.28,0.27,0
0.09,0.24,0
0.27,0.43,0
0.15,0.57,0
0.16,0.63,0
0.6,0.28,0
0.29,0.91,0
0.12,0.36,0
0.08,0.96,0
0.44,1.04,0
0.08,0,0
0.43,0,0
0.11,0.96,0
0.16,0.33,0
0.07,1,0
0.09,0.09,0
0.09,0.19,0
0.74,0.89,0
0.06,0.14,0
0.49,0.23,0
0.14,0.64,0
0.42,0.55,0
1.1,0.52,0
0.86,0,0
0.13,0,0
0.86,0.44,0
0.51,0,0
0.67,0.32,0
0.26,0.68,0
0.11,0.12,0
1.12,0.12,0
0.1,0.19,0
0.44,0.69,0
1.2,0.7,0
0.09,1.72,0
0.4,0.32,0
1.3,0.19,0
0.39,0,0
0.95,0.52,0
0.07,0.09,0
0.22,0.58,0
0.33,0.41,0
0.18,0,0
0.3,0.13,0
0.26,0.3,0
0.7,0.08,0
0.27,0.34,0
0.14,0.32,0
1.88,1.21,0
0.08,0.81,0
0.18,0.65,0
1.02,0.21,0
0.29,0.55,0
0.99,0,0
0.48,0.19,0
0.51,0.32,0
0.46,1.3,0
0.56,0,0
0.29,0.82,0
0.58,2.24,0
0.26,0.22,0
0.39,0.11,0
1.53,0.73,0
0.52,0.25,0
0.81,1.62,0
0.35,0.55,0
0.42,0.16,0
0.42,0.61,0
0.31,0.25,0
0.42,0.31,0
0.13,0.28,0
0.11,0.61,0
1.28,0.1,0
0.22,0.11,0
9,0,0
1.05,1,0
0.48,0.66,0
0.63,0.22,0
0.68,0.08,0
0.06,0.54,0
1.29,0.75,0
1.74,1.42,0
1.38,1.68,0
0.93,1.08,0
0.33,0.28,0
0.35,1.45,0
0.85,0.62,0
0.82,0,0
0.88,1.57,0
0.45,0.74,0
0.47,1.41,0
0.6,1.36,0
0.69,0.69,0
0.22,0.93,0
0.66,1.02,0
0.31,0.43,0
0.1,0.05,0
0.94,0.07,0
0.22,0.89,0
0.8,0.31,0
1.06,0.08,0
0.46,1.24,0
0.64,0.53,0
0.48,0.22,0
0.09,0.13,0
0.07,0.1,0
0.1,0.08,0
0.52,0.31,0
0.99,0.06,0
0.2,1.95,0
1.57,2.78,0
0.98,0.15,0
0.59,0.56,0
1.06,0.15,0
1.96,1.27,0
1.12,1.45,0
0.17,0.74,0
0.08,0.73,0
0.34,0.94,0
1.46,1.37,0
0.64,0.04,0
0.26,0.23,0
0.51,0.52,0
0.19,0.48,0
0.48,0.55,0
0.98,0.5,0
0.63,0,0
0.7,0.74,0
0.91,0.16,0
0.36,0.72,0
1.34,0.33,0
1.09,0.56,0
1.4,0.75,0
0.22,0.25,0
0.25,0.91,0
1.27,0.4,0
0.28,0.14,0
0.09,0.05,0
1.99,1.46,0
0.88,0.24,0
0.48,0.03,0
0.13,0.99,0
0.48,0.22,0
0.24,0.99,0
0.42,0.95,0
0.57,0.08,0
0.15,1.97,0
0.62,0,0
0.06,0.25,0
0.12,0.71,0
0.81,0.91,0
0.91,0.83,0
0.18,0.23,0
0.13,0.07,0
0.41,0.34,0
1.02,0.22,0
2.04,0.1,0
0.14,0.16,0
0.16,0.14,0
0.26,0.18,0
0.09,0.57,0
0.9,0.96,0
0.12,0.12,0
2.22,0.11,0
2.4,0.42,0
1.1,1.12,0
0.08,0.65,0
0.45,0.63,0
0.37,0.42,0
1.43,1.36,0
0.44,0.42,0
1.59,0.47,0
0.58,0.31,0
0.17,0.35,0
0.79,0.63,0
1.05,2.2,0
0.43,2.14,0
0.65,1.52,0
0.15,0.47,0
0.56,0.43,0
0.68,1.8,0
0.46,0.1,0
0.1,1.11,0
0.21,0,0
0.57,1.95,0
0.42,0.27,0
0.34,0.27,0
0.1,0.47,0
0.05,0.6,0
0.81,2.21,0
0.55,0.01,0
0.05,0.6,0
0.64,0.16,0
0.17,0.57,0
0.76,2.55,0
0.08,0.65,0
0.42,0,0
0.3,0.68,0
0.06,0.08,0
0.57,0,0
0.45,0.1,0
0.2,0,0
0.45,0.32,0
0.11,0.99,0
0.18,0.26,0
0.78,0.95,0
0.51,1.7,0
0.06,0.55,0
0.62,0.1,0
0.26,0,0
0.1,0.01,0
0.16,0.73,0
0.19,1.32,0
0.79,0.23,0
0.09,0.09,0
0.35,1.02,0
0.78,0.47,0
0.2,0.65,0
0.74,2.71,0
0.68,1.11,0
0.23,0.94,0
0.81,1.01,0
1.87,1.32,0
0.13,0.31,0
0.17,0.55,0
0.36,0,0
1.02,0.36,0
0.47,0.43,0
0.55,1.77,0
0.43,0.98,0
0.78,1.05,0
0.57,1.23,0
1.04,0.21,0
1.52,2.3,0
0.17,0.18,0
2.7,2.74,0
0.46,0.3,0
0.68,0.15,0
0.66,2.41,0
1.73,1.85,0
1.61,1.77,0
0.73,2.43,0
1.28,1.53,0
1.87,0.9,0
0.87,0.95,0
1,1.84,0
3.29,0.56,0
1.76,0.86,0
1.12,0.71,0
1.02,0.71,0
0.36,1.41,0
1.03,0.98,0
1.56,0.65,0
0.6,0.08,0
1.77,0.17,0
0.5,4.11,0
0.26,1.3,0
1.11,1.39,0
0.24,0.51,0
1.24,1.2,0
2.24,1.56,0
1.27,0,0
3.21,2.04,0
0.36,0.11,0
0.83,0.51,0
0.87,3.16,0
1.89,0.06,0
1.14,0.32,0
2.42,3.55,0
0.83,0.83,0
1.83,0.76,0
1.96,0.55,0
2.12,3.04,0
1.41,1.11,0
1.15,0.58,0
0.98,0.83,0
2.44,0.8,0
1.54,2.04,0
1.09,0.71,0
1,0.05,0
1.62,1.3,0
2.64,3.13,0
0.52,1.82,0
0.59,0,0
0.16,0.45,0
0.66,0.22,0
0.51,0.33,0
0.8,2.14,0
0.22,0.57,0
2.72,0.07,0
0.63,0.53,0
0.8,0.55,0
0.96,0.7,0
0.54,1.27,0
1.76,3.59,0
0.86,0.71,0
3.19,2.63,0
2.05,0.87,0
0.27,0.29,0
0.15,1.62,0
1.23,3.01,0
3.73,3.4,0
0.25,0.21,0
0.98,1.17,0
1.26,1.25,0
1.69,0.46,0
0.31,2.32,0
0.07,1.95,0
0.82,0.92,0
1.59,0.27,0
2.63,0.44,0
1.13,0.19,0
4.69,0.27,0
1.57,0.42,0
0.51,1.47,0
0.82,0.69,0
0.32,0,0
1.07,0.25,0
0.89,0.65,0
0.95,0.13,0
2.24,0.21,0
2.14,0.04,0
0.34,1.76,0
0.28,0.14,0
1.01,0.23,0
0.26,0.06,0
2.49,1.03,0
1.09,2.15,0
0.82,0.25,0
0.25,0.09,0
0.74,1.15,0
0.18,0.14,0
0.45,0.5,0
5,0.52,0
0.58,0.37,0
0.84,0.21,0
0.57,0.49,0
1.03,0.05,0
0.15,0.44,0
0.61,1.01,0
0.33,0.25,0
1.12,0.59,0
0.49,1.53,0
0.3,0.58,0
0.69,1.17,0
0.93,1.03,0
0.95,0.61,0
3.89,1.87,0
0.47,0.29,0
1.17,0.34,0
1.27,0.08,0
0.09,0.26,0
0.55,0.79,0
0.57,0.65,0
0.68,0.46,0
2.57,0.09,0
0.89,0.26,0
0.62,0.48,0
1,0.34,0
0.07,0.29,0
1.55,0.43,0
0.08,0.24,0
1.34,0.84,0
0.47,0.09,0
0.62,0.84,0
1.02,0.99,0
0.46,0.16,0
0.19,0.36,0
1.98,0.74,0
0.77,0.75,0
0.05,0.33,0
0.84,0.85,0
0.15,0.11,0
0.2,0.24,0
0.32,0.09,0
1.38,0.78,0
0.97,0.2,0
0.75,1.41,0
1.23,0.84,0
0.44,0,0
0.33,0.29,0
2.14,0.26,0
1.01,1.52,0
0.23,0.64,0
0.54,1.4,0
0.06,1.91,0
0.16,0.37,0
0.22,0.44,0
0.31,0.08,0
0.23,1.41,0
0.16,0.8,0
0.13,0.18,0
0.07,0.82,0
1.14,0.48,0
0.53,0.15,0
0.96,1.74,0
0.92,0.44,0
0.3,0.66,0
1.72,1.18,0
0.69,0.28,0
0.73,0.91,0
0.11,0.85,0
0.07,0.57,0
0.83,0.49,0
1.11,0,0
2.49,1.5,0
0.88,0.28,0
0.89,1.06,0
0.11,0.11,0
0.63,0.34,0
0.94,0.06,0
0.24,0.19,0
2.5,1.38,0
0.55,0.18,0
0.48,1.35,0
0.2,0.11,0
1.33,0.08,0
0.87,0.2,0
0.1,0.48,0
0.37,2.63,0
0.54,1.46,0
0.07,0.6,0
0.92,0.58,0
2.38,0.6,0
0.37,0.21,0
0.37,0.43,0
0.18,0.37,0
0.63,0,0
0.08,0.54,0
0.41,0.9,0
1.57,0.07,0
0.47,0.75,0
0.37,0.09,0
0.43,0.37,0
0.08,0.45,0
0.94,0,0
0.99,0.21,0
0.1,0.04,0
0.2,0.04,0
0.37,0.3,0
0.5,0.67,0
0.07,0,0
0.83,0.41,0
0.5,0.96,0
0.17,1.72,0
0.83,0.66,0
1.64,0,0
0.14,0.25,0
1.37,0.01,0
0.04,0.16,0
1.04,1.13,0
0.36,1.08,0
0.57,0.09,0
0.09,0.14,0
0.22,0.13,0
0.82,0,0
0.98,0.4,0
0.81,0.13,0
0.35,1.99,0
0.32,0.33,0
0.84,0.35,0
1.06,0.32,0
0.13,0.14,0
0.23,0.64,0
0.18,0.6,0
0.68,0.13,0
0.97,0.02,0
0.31,0.42,0
1.04,1.63,0
1.21,0.15,0
0.15,0.04,0
0.37,0.11,0
0.84,0.65,0
0.38,0.06,0
0.05,1.03,0
0.29,0.06,0
1.31,0.53,0
0.21,0,0
0.43,1.85,0
0.2,0.1,0
0.87,0.61,0
0.79,0.04,0
0.22,0.13,0
0.35,0,0
0.44,1.31,0
0.52,0.99,0
0.95,1.54,0
0.57,0.19,0
1.36,0.12,0
0.43,0.01,0
0.78,0.3,0
0.21,0,0
0.16,0.65,0
1.38,0,0
0.39,0.28,0
0.12,0.21,0
0.14,0.54,0
1.09,1.48,0
0.11,0.62,0
0.6,0.6,0
0.18,0.56,0
0.7,0.82,0
1.27,0.25,0
0.3,1.21,0
0.07,0.05,0
0.69,0.05,0
0.27,0.78,0
0.31,0.71,0
0.26,0,0
1.3,1.36,0
1.55,0.22,0
0.17,0.6,0
0.05,0.91,0
0.68,0.18,0
1.12,0.78,0
1.18,1.41,0
0.42,0,0
0.42,0.08,0
0.06,0,1
0.12,0,1
0.3,0.16,1
0.17,0.14,1
0.05,0,1
0.11,0.37,1
0.13,0.22,1
0.33,0.03,1
0.05,0,1
0.06,0,1
0,0.07,1
0.11,0.17,1
0.06,0,1
0.2,0.12,1
0.26,0.11,1
0.2,0.06,1
0.28,0.01,1
0.27,0,1
0.05,0.1,1
0.46,0.12,1
0.25,0,1
0.39,0,1
0.14,0,1
0.11,0.01,1
0.06,0.1,1
0.28,0,1
0.16,0.17,1
0.15,0,1
0.28,0.19,1
0.09,0.06,1
0.25,0.06,1
0.17,0,1
0.45,0,1
0.08,0,1
0.72,0.19,1
0.23,0.08,1
0.07,0.13,1
0.2,0,1
0.14,0.02,1
0.53,0.26,1
0.48,0.01,1
0.32,0,1
0.11,0.05,1
0.19,0.01,1
0.22,0,1
0.06,0,1
0.04,0,1
0.23,0,1
0.14,0,1
0.19,0,1
0.28,0.09,1
0.08,0.08,1
0.08,0.05,1
0.15,0,1
0.22,0.04,1
0.05,0.26,1
0.58,0.16,1
0.06,0.07,1
0.36,0,1
0.22,0,1
0.1,0,1
0.1,0.07,1
0.26,0.23,1
0.43,0.04,1
0.14,0.2,1
0.16,0.32,1
0.05,0.09,1
0.08,0,1
0.29,0.19,1
0.66,0,1
0.31,0.08,1
0.33,0.08,1
0.1,0.07,1
0.27,0.25,1
0.09,0.02,1
0.05,0.02,1
0.21,0.14,1
0.16,0.13,1
0.14,0.13,1
0.09,0.04,1
0.46,0,1
0.19,0.21,1
0.23,0.01,1
0.39,0,1
0.94,0,1
0.51,0.07,1
0.09,0.34,1
0.14,0,1
0.25,0.08,1
0.07,0.08,1
0.28,0.02,1
0.31,0.14,1
0.14,0,1
0.07,0.09,1
0.09,0.22,1
0.34,0.04,1
0.29,0.29,1
0.1,0.24,1
0.18,0.28,1
0.29,0.63,1
0.1,0.29,1
0.16,0.03,1
0.19,0,1
0.47,0.1,1
0.11,0.7,1
0.27,0.02,1
0.52,0.32,1
0.39,0.14,1
0.33,0.29,1
0.2,0,1
0.54,0,1
0.07,0.29,1
0.59,0.38,1
0.34,0.06,1
0.1,0.01,1
0.09,0,1
0.67,0.24,1
0.05,0.08,1
0.23,0,1
0.29,0.24,1
0.07,0.06,1
0.17,0.36,1
0.22,0.02,1
0.1,0,1
0.58,0.08,1
0.1,0,1
0.15,0.03,1
0.55,0.09,1
0.21,0.07,1
0.41,0,1
0.09,0,1
0.78,0,1
0.22,0.04,1
0.17,0.04,1
0.16,0,1
0.21,0,1
0.46,0.03,1
0.11,0.1,1
0.48,0,1
0.4,0,1
0.36,0.39,1
0.55,0.37,1
0.13,0,1
0.23,0.13,1
0.07,0,1
0.09,0,1
0.28,0,1
0.17,0,1
0.37,0.21,1
0.23,0,1
0.23,0,1
0.2,0.05,1
0.36,0,1
0.37,0.2,1
0.09,0.07,1
0.4,0.17,1
0.21,0.11,1
0.36,0.08,1
0.09,0.06,1
0.4,0.15,1
0.1,0,1
0.08,0.08,1
0.3,0.1,1
0.11,0.02,1
0.14,0.07,1
0.05,0,1
0.08,0.04,1
0.16,0,1
0.16,0,1
0.22,0.11,1
0.43,0.21,1
0.27,0.63,1
0.28,0.2,1
0.27,0,1
0.25,0,1
0.78,0,1
0.18,0.33,1
0.2,0,1
0.08,0,1
0.07,0,1
0.24,0.19,1
0.07,0.05,1
0.51,0.23,1
0.08,0.24,1
0.52,0,1
0.57,0,1
0.27,0,1
0.12,0.01,1
0.15,0.01,1
0.45,0.09,1
0.22,0.22,1
0.13,0,1
0.13,0,1
0.15,0,1
0.08,0.04,1
0.12,0,1
0.15,0.08,1
0.83,0.2,1
0.06,0.14,1
0.16,0.07,1
0.26,0,1
0.06,0,1
0.37,0.11,1
0.05,0,1
0.06,0.24,1
0.33,0.08,1
0.1,0,1
0.27,0,1
0.45,0,1
0.36,0.23,1
0.2,0,1
0.07,0.03,1
0.23,0.12,1
0.09,0,1
0.47,0.04,1
0.48,0,1
0.15,0.07,1
0.15,0,1
0.06,0,1
0.08,0,1
0.07,0,1
0.05,0.1,1
0.11,0,1
0.23,0,1
0.18,0.14,1
0.1,0,1
0.31,0.1,1
0.05,0,1
0.05,0.11,1
0.08,0.08,1
0.16,0.03,1
0.07,0,1
0.12,0,1
0.06,0.18,1
0.05,0.09,1
0.1,0,1
0.12,0,1
0.06,0,1
0.36,0.01,1
0.29,0,1
0.18,0,1
0.31,0.02,1
0.63,0,1
0.2,0,1
0.28,0,1
0.35,0,1
0.32,0,1
0.26,0,1
0.08,0.09,1
0.05,0,1
0.68,0.01,1
0.1,0,1
0.15,0,1
0.14,0,1
0.16,0,1
0.2,0.56,1
0.14,0,1
0.58,0,1
0.04,0,1
0.11,0,1
0.49,0,1
0.19,0,1
0.06,0,1
0.32,0,1
0.09,0,1
0.23,0,1
0.1,0.04,1
0.49,0,1
0.11,0.05,1
0.47,0,1
0.06,0.03,1
0.13,0,1
0.11,0,1
0.07,0.14,1
0.32,0.23,1
0.07,0.11,1
0.09,0,1
0.16,0.04,1
0.23,0,1
0.18,0.12,1
0.11,0.04,1
0.4,0.12,1
0.32,0,1
0.14,0.07,1
0.23,0.12,1
0.28,0.1,1
0.07,0.11,1
0.09,0.19,1
0.09,0,1
0.23,0.09,1
0.41,0.01,1
0.24,0,1
0.13,0.06,1
0.23,0.05,1
0.71,0.01,1
0.22,0.09,1
0.11,0.06,1
0.21,0,1
0.09,0.05,1
0.61,0.07,1
0.25,0.03,1
0.53,0,1
0.32,0.11,1
0.23,0.09,1
0.13,0,1
0.36,0.01,1
0.05,0,1
0.1,0,1
0.2,0,1
0.16,0.18,1
0.07,0,1
0.05,0.13,1
0.24,0.19,1
0.2,0,1
0.19,0,1
0.17,0.1,1
0.29,0,1
0.3,0.02,1
0.21,0,1
0.18,0.08,1
0.18,0,1
0.32,0.09,1
0.11,0,1
0.26,0.11,1
0.11,0,1
0.12,0,1
0.1,0,1
0.2,0,1
0.09,0,1
0.14,0.17,1
0.21,0,1
0.28,0.12,1
0.28,0,1
0.07,0.04,1
0.04,0,1
0.09,0.01,1
0.07,0.14,1
0.25,0.06,1
0.07,0.1,1
0.19,0.01,1
0.19,0,1
0.27,0,1
0.39,0.06,1
0.11,0.25,1
0.06,0.09,1
0.65,0.03,1
0.18,0.01,1
0.06,0,1
0.22,0.01,1
0.31,0,1
0.06,0.23,1
0.27,0.01,1
0.39,0.05,1
0.12,0,1
0.06,0,1
0.09,0,1
0.09,0,1
0.07,0,1
0.17,0.03,1
0.2,0.05,1
0.22,0.05,1
0.16,0.07,1
0.05,0.02,1
0.37,0,1
0.14,0.06,1
0.26,0,1
0.18,0.13,1
0.71,0.04,1
0.05,0.39,1
0.05,0.04,1
0.07,0,1
0.22,0,1
0.23,0.14,1
0.08,0.02,1
0.2,0.01,1
0.25,0,1
0.05,0.13,1
0.1,0,1
0.05,0,1
0.3,0,1
0.59,0.12,1
0.06,0.03,1
0.09,0,1
0.1,0,1
0.05,0.03,1
0.14,0.07,1
0.24,0.06,1
0.05,0.1,1
0.33,0,1
0.11,0.01,1
0.14,0,1
0.05,0,1
0.06,0.1,1
0.15,0.07,1
0.45,0.05,1
0.2,0.09,1
0.07,0,1
0.08,0.1,1
0.1,0.01,1
0.05,0,1
0.17,0,1
0.1,0.05,1
0.2,0,1
0.37,0.07,1
0.06,0.01,1
0.46,0,1
0.05,0,1
0.18,0.22,1
0.06,0.05,1
0.1,0.26,1
0.08,0.24,1
0.3,0.04,1
0.1,0,1
0.17,0.23,1
0.14,0.27,1
0.06,0,1
0.22,0,1
0.13,0,1
0.38,0.28,1
0.06,0.07,1
0.38,0.05,1
0.07,0.01,1
0.15,0,1
0.21,0.03,1
0.17,0,1
0.43,0,1
0.21,0,1
0.77,0,1
0.06,0.25,1
0.09,0.04,1
0.22,0,1
0.19,0.01,1
0.28,0.01,1
0.05,0.04,1
0.06,0.04,1
0.07,0.13,1
0.15,0,1
0.09,0.01,1
0.07,0,1
0.08,0,1
0.27,0.05,1
0.11,0,1
0.07,0.11,1
0.36,0,1
0.19,0.05,1
0.14,0.06,1
0.57,0,1
0.06,0,1
0.18,0.04,1
0.16,0.1,1
0.2,0.05,1
0.1,0,1
0.2,0.22,1
0,0,2
0.06,0.19,2
0.11,0,2
0.3,0.09,2
0.08,0,2
0.09,0.04,2
0.17,0,2
0.1,0,2
0,0,2
0.04,0.02,2
0.06,0,2
0.09,0,2
0.13,0,2
0.06,0.19,2
0.11,0,2
0.3,0.09,2
0.08,0,2
0.09,0.04,2
0.17,0,2
0.1,0,2
0.2,0,2
0.15,0.01,2
0.21,0.5,2
0.35,0.65,2
0.41,0.41,2
0.29,0.05,2
0.05,0,2
0.11,0.57,2
0.19,0.09,2
0.24,0.44,2
0.13,0.06,2
0.72,0.49,2
0.2,0.32,2
0.15,0.12,2
0.08,0.01,2
0.21,0.74,2
0.16,1.36,2
0.1,0.21,2
0.25,0,2
0.05,0.07,2
0.15,0.16,2
0.12,0.24,2
0.3,0,2
0.35,1.13,2
0.45,0.09,2
0.06,0.65,2
0.51,0.42,2
0.05,0.08,2
0.14,0.46,2
0.5,0.2,2
0.06,0.03,2
0.46,1.83,2
0.34,0.45,2
0.08,0.19,2
0.29,0.13,2
0.04,0.17,2
0.04,0,2
0.09,0.1,2
0.06,0.22,2
0.19,0.58,2
0.22,0.44,2
0.23,0,2
0.55,0.31,2
0.05,0.65,2
0.1,0.5,2
0.22,1.21,2
0.22,0,2
0.05,2.05,2
0.28,0.19,2
0.4,0.09,2
0.4,1.17,2
0.09,0.11,2
0.16,0.14,2
0.14,0.11,2
0.4,0.73,2
0.07,0.04,2
0.61,0.31,2
0.32,0.7,2
0.08,0.46,2
0.41,0.09,2
0.33,0.15,2
0.04,0.72,2
0.06,0.07,2
0.1,0,2
0.32,0.19,2
0.35,0.36,2
0.1,0.3,2
0.64,0.43,2
0.57,0.3,2
0.4,0.23,2
0.06,0.35,2
0.09,0.04,2
0.11,0.71,2
0.53,0.12,2
0.28,0.05,2
0.29,0.03,2
0.39,1.16,2
0.29,1.17,2
0.07,0.17,2
0.11,0.08,2
0.14,0.04,2
0.36,0.92,2
0.06,0.21,2
0.56,0,2
0.07,0.13,2
0.12,1.39,2
0.34,1.03,2
0.13,0.22,2
0.19,0.05,2
0.32,0,2
0.25,0.13,2
0.37,0,2
0.08,0.44,2
0.13,0.67,2
0.16,0.76,2
0.06,0.05,2
0.2,0.34,2
0.34,0.1,2
0.05,0.05,2
0.22,0.77,2
0.15,0.42,2
0.15,2.13,2
0.04,0.31,2
0.08,0.03,2
0.06,1.09,2
0.38,0.12,2
0.23,0,2
0.22,0.22,2
0.15,0.85,2
0.52,0,2
0.11,0.73,2
0.22,0,2
0.48,0.77,2
0.07,0.38,2
0.5,2.62,2
0.14,0.6,2
0.07,0.67,2
0.43,1.78,2
0.19,0.27,2
0.04,0.18,2
0.41,1.07,2
0.24,0.16,2
0.58,0.54,2
0.24,1.43,2
0.74,1.08,2
0.04,0.64,2
0.09,0.91,2
0.36,0.01,2
0.29,0.17,2
0.04,0.17,2
0.05,0.63,2
0.2,0.38,2
0.07,0.43,2
0.12,0.38,2
0.29,0,2
0.36,0.43,2
0.25,0.55,2
0.19,1.74,2
0.15,0.32,2
0.74,0.51,2
0.54,0.58,2
0.04,0.28,2
0.38,0.18,2
0.08,0,2
0.16,0,2
0.2,0.2,2
0.14,0.47,2
0.45,0.05,2
0.37,0.63,2
0.15,0.07,2
0.12,0.11,2
0.11,0.65,2
0.34,0.71,2
0.46,0.49,2
0.24,0.05,2
0.19,0.57,2
0.36,0.36,2
0.2,0.29,2
0.17,0.94,2
0.11,0.48,2
0.63,0.23,2
0.48,0.24,2
0.17,0,2
0.48,0.13,2
0.04,0.36,2
0.22,0.42,2
0.12,0.17,2
0.69,0.46,2
0.06,0.05,2
0.05,0.2,2
0.52,0.31,2
0.34,0.43,2
0.06,0.51,2
0.31,0.05,2
0.5,0.46,2
0.05,0.02,2
0.11,0.63,2
0.56,0.67,2
0.14,0,2
0.07,0.82,2
0.36,0.64,2
0.16,0.23,2
0.82,0.37,2
0.22,0.2,2
0.07,0.53,2
0.39,0.15,2
0.22,0.07,2
0.04,0.2,2
0.16,0.06,2
0.04,0.25,2
0.66,0.1,2
0.24,0.03,2
0.25,0,2
0.04,0.64,2
0.2,0.28,2
0.38,0.34,2
0.22,0,2
0.08,0.33,2
0.22,0.14,2
0.15,0,2
0.04,0,2
0.07,0.12,2
0.04,0,2
0.26,0.07,2
0.1,0,2
0.63,1.1,2
0.2,0.01,2
0.08,0,2
0.12,0.04,2
0.04,0.36,2
0.19,0.45,2
0.08,0,2
0.32,0.94,2
0.07,0.21,2
0.13,0.91,2
0.34,1.4,2
0.05,0.01,2
0.13,0.3,2
0.29,0.22,2
0.09,0,2
0.07,0.2,2
0.09,0,2
0.25,0,2
0.53,0.28,2
0.39,0.12,2
0.04,0.27,2
0.05,0.54,2
0.24,0.48,2
0.96,0.22,2
0.21,0.54,2
0.22,0.75,2
0.06,0.49,2
0.37,0,2
0.44,0.05,2
0.16,0.02,2
0.24,0.58,2
0.12,0.25,2
0.15,0.09,2
0.13,0.84,2
0.65,0.17,2
0.32,0.1,2
0.45,0.45,2
0.17,0.02,2
0.06,0.99,2
0.05,0.05,2
0.19,1.05,2
0.23,0.1,2
0.58,0.23,2
0.29,0,2
0.25,0,2
0.21,0.94,2
0.25,0.16,2
0.45,1.22,2
0.12,0.1,2
0.25,0,2
0.26,0.19,2
0.69,0.21,2
0.4,0.08,2
0.06,0.42,2
0.06,0.57,2
0.23,0.1,2
0.26,0.03,2
0.2,0.03,2
0.28,0.35,2
0.1,0.16,2
0.77,1.01,2
0.46,0.67,2
0.17,0,2
0.19,0,2
0.05,0.12,2
0.78,0,2
0.19,0,2
0.36,0.71,2
0.56,0.58,2
0.1,0.48,2
0.2,0.08,2
0.19,0.05,2
0.12,0.15,2
0.17,0.21,2
0.41,0.41,2
0.04,0.68,2
0.04,0.12,2
0.14,0.72,2
0.29,0.05,2
0.05,0.08,2
0.1,0.07,2
0.1,0.07,2
0.23,0.4,2
0.11,0.11,2
0.19,0,2
0.62,0.31,2
0.2,0,2
0.2,0,2
0.12,0.86,2
0.08,0.34,2
0.65,0.83,2
0.69,0.89,2
0.1,0.28,2
0.75,0,2
0.59,0.44,2
0.36,1.17,2
0.18,1.12,2
0.06,0.64,2
0.17,1.57,2
0.2,0.47,2
0.16,0,2
0.44,0.31,2
0.27,0.2,2
0.66,0.43,2
0.07,0.62,2
0.03,0.4,2
0.36,0.78,2
0.64,0.43,2
0.05,1,2
0.35,1.35,2
0.04,0.26,2
0.07,1.83,2
0.03,0,2
0.23,0.84,2
0.29,0,2
0.06,0.05,2
0.64,1.37,2
0.41,0.03,2
0.22,0.77,2
0.33,0.57,2
0.06,0.26,2
0.09,0.43,2
0.06,1.58,2
0.19,0.94,2
0.24,0.25,2
0.15,0,2
0.26,0.19,2
0.37,0,2
0.1,0.09,2
0.28,0.88,2
0.45,0.04,2
0.08,0.46,2
0.21,0.7,2
0.88,1.9,2
0.04,0.56,2
0.6,1.94,2
0.63,0.03,2
0.06,0.05,2
0.3,0.43,2
0.27,0,2
0.06,0.89,2
0.74,0.37,2
0.06,0.24,2
0.1,0.13,2
0.17,0.32,2
0.31,1.05,2
0.46,0.65,2
0.15,0.84,2
0.14,0.73,2
0.53,1.48,2
0.14,0.02,2
0.19,0.6,2
0.13,0.4,2
0.41,0.64,2
0.51,3.1,2
0.73,0.78,2
0.42,0.45,2
0.11,0.15,2
0.1,1.16,2
0.07,1.07,2
0.05,0.43,2
0.34,0,2
0.26,0.22,2
0.62,0,2
0.18,0.32,2
0.32,0.38,2
0.06,0.57,2
0.21,0.63,2
0.51,0.02,2
0.07,0.12,2
0.83,0.03,2
0.15,0,2
0.29,0.42,2
0.14,1.64,2
0.28,0.32,2
0.31,1.66,2
0.34,0.2,2
0.25,0.88,2
0.16,0.54,2
0.84,1.74,2
0.39,0.14,2
0.64,0.7,2
0.11,0.09,2
0.73,0.87,2
0.11,0.23,2
0.35,0.28,2
0.63,0.68,2
0.29,0.47,2
0.67,0.45,2
0.34,1.61,2
0.69,1.26,2
0.23,0.41,2
0.09,1.02,2
0.12,0.44,2
0.15,0,2
0.11,0.68,2
0.37,0.32,2
0.16,0.16,2
0.1,0.66,2
0.53,0.2,2
1.08,0,2
0.22,0.56,2
0.43,0.06,2
0.21,0.16,2
0.05,0.87,2
1.12,1.14,2
0.04,0.6,2
0.31,1.49,2
0.38,2.13,2
0.09,0.38,2
0.05,2.8,2
0.23,1.04,2
0.45,1.81,2
0.33,0,2
0.04,0.7,2
0.2,0.64,2
0.2,0.53,2
0.29,0.77,2
0.44,0.03,2
0.39,0.8,2
0.22,0.56,2
0.06,0.2,2
0.2,0.6,2
0.1,0.83,2
0.27,1.6,2
0.45,0.67,2
0.21,2.32,2
0.49,0.08,2
0.43,0.87,2
0.33,0.55,2
0.84,2.87,2
0.24,1.19,2
0.3,0.74,2
0.12,0.64,2
0.05,0,2
0.07,0.39,2
0.04,0.48,2
0.06,0,2
0.064,0.31,2
0.17,0.21,2
0.05,0.71,2
0.17,0.25,2
0.05,0.6,2
0.213,,2
0.27,0.02,2
0.08,0.07,2
0.15,0.05,2
0.47,1,2
0.72,0.65,2
0.14,0.12,2
0.34,0.31,2
0.17,0.21,2
0.05,0.71,2
0.17,0.25,2
0.05,0.6,2
0.23,0.04,2
0.1,0.14,2
0.3,0.37,2
0.25,0,2
0.5,0,2
0.59,0,2
0.1,0.36,2
0.23,0.37,2
0.7,0.22,2
0.5,0.03,2
0.13,0.4,2
0.52,0.46,2
0.3,0.4,2
0.14,0.1,2
0.06,0,2
0.46,0,2
0.6,0.63,2
0.09,3.36,2
0.28,0.67,2
0.04,0,2
0.04,1.09,2
0.46,0.84,2
0.35,0.67,2
0.41,0.65,2
0.48,0,2
0.16,1.55,2
0.06,0.49,2
0.19,0,2
0.44,0,2
0.26,0.61,2
0.46,1.09,2
0.61,0.22,2
0.35,1.01,2
0.32,0,2
0.05,0.17,2
0.54,0.29,2
0.32,0.44,2
0.19,0.53,2
0.17,1.34,2
0.09,1.18,2
0.28,0.44,2
0.59,0.54,2
0.62,0.15,2
0.52,0.43,2
0.06,0.56,2
0.82,0.09,2
0.69,0.49,2
0.05,0.09,2
0.53,1.06,2
0.37,0,2
0.63,0.22,2
0.15,0.24,2
0.19,0.03,2
0.39,0.24,2
0.32,0.74,2
0.07,0.07,2
0.08,0.34,2
0.57,0.21,2
0.04,0.03,2
0.11,0,2
0.06,0.89,2
0.33,0.14,2
0.98,0.01,2
0.19,0.55,2
0.26,0.13,2
0.4,2.89,2
0.17,0.09,2
0.06,0.22,2
0.1,0.12,2
0.04,0.69,2
0.16,0.08,2
0.22,0.48,2
0.24,0.47,2
0.1,0,2
0.61,0.78,2
0.12,0.53,2
0.8,0.52,2
0.05,0.49,2
0.34,0,2
0.12,0.19,2
0.29,0,2
0.26,0.43,2
0.28,0.82,2
0.51,0.17,2
0.2,0.04,2
0.25,0.73,2
0.04,0.43,2
0.15,0.78,2
0.21,0.42,2
0.09,0.2,2
0.37,0.97,2
0.15,0.01,2
0.36,0.44,2
0.18,0.03,2
0.16,0,2
0.19,0.11,2
1.13,0.97,2
0.49,0.41,2
0.21,0.13,2
0.36,1.13,2
0.07,0.23,2
0.33,0.48,2
0.07,0.19,2
0.35,1.23,2
0.05,0.16,2
0.14,0,2
0.11,0,2
0.08,0.2,2
0.14,0.36,2
0.29,0.35,2
0.38,0.62,2
0.54,0,2
0.05,0.15,2
0.23,0.35,2
0.81,0.48,2
0.19,0.63,2
0.1,0.99,2
0.05,0.56,2
0.34,0.12,2
0.67,0.2,2
0.04,0.19,2
0.72,0.06,2
0.08,0.74,2
0.42,0.05,2
0.18,0.38,2
0.64,0.69,2
0.04,0.2,2
0.53,0.01,2
0.14,0.29,2
0.13,0,2
0.11,0.01,2
0.21,0.66,2
0.11,0.87,2
0.07,0.04,2
0.75,0.12,2
0.24,0,2
0.53,1.4,2
0.91,0.13,2
0.04,0.29,2
0.13,0,2
0.05,0,2
0.44,0.77,2
0.11,0.73,2
0.6,0.29,2
0.4,0.46,2
0.66,0.56,2
0.23,0.36,2
0.05,0.87,2
0.18,0.67,2
0.07,1.83,2
0.14,0.04,2
0.17,0.91,2
0.17,0.7,2
0.29,0.24,2
0.31,1.27,2
0.31,0.43,2
0.36,0.21,2
0.1,0.21,2
0.06,0,2
0.32,0,2
0.04,0.28,2
0.14,0.22,2
0.23,0,2
0.53,1.32,2
0.9,0.01,2
0.65,0.25,2
0.27,0.5,2
0.38,0.91,2
0.21,0.63,2
0.04,1.01,2
0.23,2.04,2
0.25,0.06,2
0.13,0,2
0.04,0.67,2
0.07,1.19,2
0.18,0.36,2
0.1,0.09,2
0.13,0.68,2
0.4,0.58,2
0.22,0.13,2
0.12,0.85,2
1.33,1.52,2
0.16,0.22,2
0.16,0.85,2
0.31,1.99,2
0.19,0,2
0.43,1.82,2
0.16,0,2
0.33,0.58,2
0.04,0,2
0.42,0.17,2
0.12,0.9,2
0.07,0.01,2
0.33,0.37,2
0.43,0.81,2
0.58,1.56,2
0.45,1.06,2
0.04,0.51,2
0.13,1.26,2
0.76,0,2
0.32,0.08,2
0.43,0.2,2
0.26,0.65,2
0.27,0.37,2
0.82,0.31,2
0.18,0.29,2
0.12,0.69,2
0.15,0.49,2
0.15,0.17,2
0.31,0.87,2
0.17,0.01,2
0.15,0.89,2
0.06,0.02,2
0.41,0.12,2
0.08,1.19,2
0.12,0.36,2
0.3,0.13,2
0.44,1.12,2
0.12,0.25,2
0.08,1.74,2
0.11,0.15,2
0.15,0,2
0.07,0.04,2
0.81,0.27,2
0.55,0.28,2
0.34,0.27,2
0.69,0.51,2
0.08,0.48,2
0.07,0,2
0.24,0,2
0.39,0.2,2
0.34,0.2,2
0.04,0,2
0.04,0.35,2
0.38,0,2
0.38,0.96,2
0.47,0.84,2
0.52,1.56,2
0.43,0.18,2
0.06,0.29,2
0.29,0.85,2
0.73,0.24,2
0.23,0.4,2
0.1,0,2
0.32,0.46,2
0.07,0.09,2
0.4,0.01,2
0.06,0.81,2
0.16,0,2
0.2,0,2
0.24,0.6,2
0.28,0.22,2
0.05,0.25,2
0.08,0.8,2
0.11,0.03,2
0.13,0.48,2
0.24,0.29,2
0.17,0.1,2
0.6,0.9,2
0.28,0.2,2
0.84,1.78,2
0.48,0.73,2
0.31,0,2
0.12,0,2
0.45,0.22,2
0.42,0.19,2
0.1,0.24,2
0.2,0,2
0.17,0,2
0.13,0.9,2
0.08,0.53,2
0.08,0.31,2
0.47,0.01,2
0.07,0.01,2
0.08,0,2
0.18,0.62,2
0.47,1.22,2
0.19,0,2
0.31,0,2
0.38,0.88,2
0.26,0.01,2
0.18,0.61,2
0.2,1.75,2
0.15,0.71,2
0.57,0.11,2
0.22,0,2
0.07,0.35,2
0.04,0.29,2
0.46,1.75,2
0.04,0.32,2
0.37,0.74,2
0.07,0.59,2
0.2,0.08,2
0.07,0,2
0.06,0.83,2
0.36,0.24,2
0.12,0.9,2
0.11,2.04,2
0.11,0.44,2
0.04,0.73,2
0.15,0.06,2
0.04,0,2
0.14,0,2
0.55,1.93,2
0.3,0.28,2
0.29,0.22,2
0.6,0.59,2
0.18,0.23,2
0.07,0,2
0.2,0.26,2
0.19,1.42,2
0.84,1.09,2
0.29,0,2
0.05,0.54,2
0.06,0,2
0.37,1.69,2
0.28,0.03,2
0.05,0,2
0.22,0.47,2
0.07,0.46,2
0.1,0.21,2
0.08,0.16,2
0.31,1.02,2
0.29,0.05,2
0.27,0.19,2
0.12,0.01,2
0.94,0.57,2
0.1,0.49,2
0.08,0.08,2
0.71,0,2
0.4,0.82,2
0.17,0.16,2
0.12,0.09,2
0.42,0.32,2
0.13,0.31,2
0.6,2.24,2
0.07,0.57,2
0.04,0.09,2
0.46,0.45,2
0.05,0,2
0.56,0,2
0.08,0,2
0.06,0.62,2
0.5,1.2,2
0.31,0.02,2
0.09,1.37,2
0.27,0.16,2
0.13,0.52,2
0.68,0.65,2
0.04,0.12,2
0.2,0.38,2
0.56,0,2
0.07,0.83,2
0.09,0,2
0.26,0,2
0.09,0.24,2
0.19,0.88,2
0.47,0.65,2
0.04,0.12,2
0.13,0.25,2
0.06,0.48,2
0.22,0.56,2
0.31,0.13,2
0.29,0.38,2
0.07,0.2,2
0.04,0,2
0.11,0.02,2
0.15,0.56,2
0.36,0.3,2
0.55,0.94,2
0.48,0.35,2
0.08,0.27,2
0.29,0.4,2
0.24,0.08,2
0.11,0,2
0.27,0.31,2
0.26,0.21,2
0.05,0.19,2
0.33,0.53,2
0.34,0.25,2
0.19,0.11,2
0.14,0.55,2
0.11,0.47,2
0.17,0,2
0.05,0.31,2
0.08,0.01,2
0.64,0.85,2
0.17,0,2
0.22,0.76,2
0.22,0.21,2
0.22,0.06,2
0.33,0.48,2
0.49,0.91,2
0.06,0.09,2
0.16,0.01,2
0.2,1.03,2
0.07,0.04,2
0.22,1.22,2
0.07,0.95,2
0.56,1.2,2
0.44,1.42,2
0.23,0.17,2
0.05,0.68,2
0.09,0,2
0.08,1.01,2
0.08,0.78,2
0.51,0,2
0.05,1.17,2
0.3,0.17,2
0.05,0.22,2
0.18,0.27,2
0.16,0.04,2
0.11,0.14,2
0.05,0.6,2
0.09,0.1,2
0.32,0,2
0.16,0.3,2
0.05,0.31,2
0.43,0.67,2
0.3,0.13,2
0.15,1.11,2
0.21,0.34,2
0.1,0.69,2
0.38,0.58,2
0.38,0.09,2
0.08,0.03,2
0.43,0.16,2
0.42,0.32,2
0.34,2,2
0.06,0,2
0.3,0.37,2
0.23,0.91,2
0.3,0.37,2
0.15,1.06,2
0.58,0,2
0.43,0.29,2
0.44,0.21,2
0.04,0.52,2
0.23,0.59,2
0.42,0.06,2
0.38,0.01,2
0.38,0.07,2
0.59,0.04,2
0.55,0,2
0.24,0.2,2
0.59,0.6,2
0.59,0.6,2
